Before, After
ability,able
capabilities,able
capable,able
abl,able
absorbed,absorb
absorbent,absorb
absorber,absorb
absorbers,absorb
absorbing,absorb
absorbs,absorb
absorption,absorb
accentuates,accentuate
accentuating,accentuate
accentuation,accentuate
accompanies,accompany
accompanied,accompany
accompanying,accompany
accuracy,accurate
achieving,achieve
acting,act
action,act
activa,activating
activator,activating
actives,active
activity,activities
actually,actual
adapted,adapt
adapting,adapt
adapts,adapt
added,add
additional,add
addicted,addict
addiction,addict
addictive,addict
adherent,adhere
adjustable,adjust
adjusted,adjust
adjusting,adjust
adventures,adventure
adventurous,adventure
aiming,purpose
aims,purpose
airnderm,airinderm
alcoholic,alcohol
allantoine,allantoin
allatoin,allantoin
alluring,allure
aloevera,aloe
amazingly,amazing
ambition,ambitious
amplifying,amplify
antinempel, anti nempel
appearances,appearance
appeared,appear
appearing,appear
appears,appear
applications,application
applicator,
applied,apply
applies,apply
applying,apply
artisanpro, artisan pro
artists,artist
balimint,bali
balinese,bali
beachy,beach
beautified, beautiful
beautifies, beautiful
beautifully, beautiful
beautify, beauty
beautifying, beauty
beautistyle, beauty style
beautitarian, beauty
beautycare, beauty care
beautycrime, beauty crime
beautyis, beauty is
beautyiseasy, beauty is easy
beautylist, beauty list
beuty, beauty 
bigger,big
biggest, big
bitten,bites
bittersweet,bitter sweet
blacker,black
blackest,black
blackish,black
blackness,black
blacktrimethylsiloxysilicate,black
blakkarent,black
blendability,blend
blendable,blend
blended,blend
blending,blend
blends,blend
bloodmoon, blood moon
bloody,blood
blushberry, blush berry
blusher,blush
blushes,blush
blushing,blush
blushon,blush
blushonimplora, blush
blushtensity, blush
bolder,bold
boldly,bold
boldness,bold
boom,bomb
braveheart, brave heart
bravery,brave
breath,breathable
breathe, breathable
breathing,breathable
bricka,brick
brighten,bright
brightener,bright
brightening,bright
brightens,bright
brighter,bright
brightness,bright
bronzed,bronze
bronzers,bronzer
bronzing,bronzer
bronzy,bronzer
browbones,brow
browgraphy,brow
browlicious,brow
browliner,
browmance,brow
browmatic,brow
brownderlast,brown
brownie,brown
brownies,brown
brownish,brown
brownstone,brown
browpencil,brow pencil
builds,build
buildup,build
built,build
burning,burn
burnished,
burnt,burn
caramello,caramel
caramels,caramel
certification,certified
checkmate,checkmatte
childre,child
chiles,chili
chillax,chill
chilli,chili
chocoaholic,choco
chocolava,choco
chocolicious,choco
chocoppery,choco
chocopuff,choco
chosen,choose
cinammon,cinnamon
cinnamons,cinnamon
circular,circulation
cleaned,clean
cleaner,clean
cleaning,clean
cleanliness,clean
cleans,clean
cleansing,clean
coloradvanced, color advanced
colorbinding, color
colored,color
colorft,color
colorful,color
coloring,color
colorlast,color last
colorline,color line
colormoist,color moist
colorpigment,color pigment
colors,color
colour,color
comedogenicit,comedogenic
commenogenic,comedogenic
concelaer,concealer
concelear,concealer
conditioned,condition
conditioner,condition
conditioning,condition
contents,content
context,content
cosmetiques,cosmetic
cosmetologically,cosmetic
coverlast,cover
coverstay,cover
crayontention,crayon
crayonttention,crayon
creamatte, cream matte
creamier,cream
creaminess,cream
creampuccinos,cream
creampuff,cream
creams,cream
creamtint,cream tint
creme,cream
cremes,cream
curler,curl
customizable,custom
customized,custom
darkening,dark
darker,dark
darkness,dark
darepink,dare pink
dearest,dear
dearly,dear
deepen,deep
deeper,deep
deepest,deep
deeply,deep
deepthe,deep
deffense,defense
defined,define
definer,define
defineris,define
defines,define
defining,define
definition,define
definiton,define
derma,dermatologically
dermatologist,dermatologically
described,describe
describes,describe
descriptionbe, description be
descriptionglow, description glow
descriptions,description
eastern,east
ease,easy
easier,easy
easiest,easy
easily,easy
editionthe,edition the
elegance,elegant
evens,event
faster,fast
fatty,fat
florence,floral
flory,floral
flower,floral
flowers,floral
formation,formula
former,formula
forming,formula
forms,formula
formula,formula
formulas,formula
formulated,formula
formulation,formula
formulations,formula
foundationaler,foundation
foundations,foundation
foundcealer,foundation
fragrances,fragrance
fragrant,fragrance
freshen,fresh
fresher,fresh
freshest,fresh
fungus,fungal
gingerale,ginger
gingerbread,ginger bread
gingerbreads,ginger bread
gingseng,ginseng
girlish,girl
girls,girl
girly,girl
girlycious,girl
glamour,glamor
fuller,full
fullness,full
gentler, gentle
getter,get
glasscushion,glass cushion
glassy,glam
glaze,glamor
glazed,glamor
glazedorable,glamor
glazing,glamor
glazy,glamor
glazz,glamor
glazzy,glamor
gleam,glamor
gleamed,glamor
gleaming,glamor
gleap,glamor
glimmer,glitter
glints,glitter
glowy,glow
glittering,glitter
glitters,glitter
glittery,glitter
glitz,glitter
goddesskin,goddess skin
golden,gold
goldie,gold
goldinx,gold
goubrow,gou brow
goucompact,gou compact
goucream,gou cream
goucushion,gou cushion
goufoundie,gou foundie
goulash,gou lash
gouliner,gou liner
gouloose,gou loose
grapefruit,grape fruit
grapeseed,grape seed
grayish,gray
gratitude,grateful
greater,great
grey,gray
habitual,habit
hairlike,hair
happier,happy
happily,happy
happiness,happy
harder,hard
healthier,health
healthy,health
heavier,heavy
hidden,hide
hideem,hide
higher,high
honesty,honest
hue,color
hues,color
illuminare,illuminate
illuminated,illuminate
illuminates,illuminate
illuminating,illuminate
illuminator,illuminate
illuminators,illuminate
implorablushon,implora blush
imploracosmetic,implora cosmetic
indicating,impressive
inspirasi,inspiration
jedarcosmetic,jedar cosmetic
jedarcosmtic,jedar cosmetic
jedarlipgloss,jedar lip gloss
jedarlipmatte,jedar lip matte
jedarlisptick,jedar lipstick
ladies,girl
lady,girl
lipbalm,lip balm
lipbuster,lip buster
lipcare,lip care
lipcharm,lip charm
lipcloud,lip cloud
lipcream,lip cream
lipcreme,lip cream
lipfinite,lip finite
lipfit,lip fit
lipgel,lip gel
lipghost,lip ghost
lipgloss,lip gloss
lipglow,lip glow
lipliner,lip liner
lipmask,lip mask
lipmatte,lip matte
lipmetallic,lipmetallic
lippe,lippie
lippiematte,lippie matte
lipscare,lips care
lipscolour,lips color
liquified.liquid
livelier,live
lively,live
liven,live
livens,live
longer,long
longer,long
longevity,long
longlash,long
longlasting,long lasting
longwear,long lasting
longwearing,long lasting
lover,love
lovers,love
lower,low
luster,glow
lustrous,glow
luxuriously,luxe
macademia,macadamia
made,create
makeover,make over
makeoverforall,make over for all
mattecrush,matte
mattedorable,matte
mattelast,matte last
matteliner,matte liner
mattelized,matte
matteness,matte
mattesetter,matte
mattetitude,matte
maxi,max
maximize,max
maximizer,max
maximizes,max
maximizing,max
maximum,max
mediumwarm,medium warm
megabrown,mega brown
melty,melt
mesmerize,enchant
mesmerizing,enchant
mesmerizingly,enchant
messy,mess
microfibres,microfibers
microfine,micro fine
microglitter,micro glitter
microparticle,micro particle
microparticles,micro particle
micropowder,micro powder
microshimmer,micro glow
microsmooth,micro smooth
minimal,mini
minimattes,mini
minimize,mini
minimizermini
minimizes,mini
minimizing,mini
minimum,mini
mintsize,mint
minty,mint
miracolous,magic
miraculous,magic
mixable,mix
mixture,mix
mixtures,mix
moccachino,mochaccino
moiste,moits
moisten,moits
moister,moits
moistpome,moits
moisture,moits
moisturize,moits
moisturized,moits
moisturizer,moits
moisturizers,moits
moisturizes,moits
moisturizing,moits
molecular,molecules
mosturizer,moist
mosturizing,moist
mousturizer,moist
movement,move
movements,move
multicolour,multi color
multidimensional,multi dimensional
multifaceted,multi faceted
multifunction,multi function
multifunctional,multi functional
multiple,multi
multiplying,multi
multiproof,multi proof 
multipurpose,multi functional
multistick,multi stick
multitask,multi task
multitasking,multi tasking
multiuse,multi functional
multivitamin,multi vitamin
multivitamins,multi vitamin
mystery,mysterious
mystic,mysterious
mystical,mysterious
mystique,mysterious
nature,natural
neaten,neat
neater,neat
necessity,need
newer,new
newest,new
newly,new
nice,good
nicely,good
nightfall,night
nightingale,night
nightly,night
nightmare,night
nightmares,night
nightout,night
nights,night
nighttime,night
nudeclear,nude
nudetella,nude
nudetwinkle,nude
nudieversal,nude
nudist,nude
nuds,nude
nudy,nude
nutri,nutrient
nutrients,nutrient
nutrition,nutrient
nutritional,nutrient
nutritious,nutrient
nutritive,nutrient
optimally,optimal
optimist,optimal
optimiste,optimal
optimistic,optimal
optimizer,optimal
optimum,optimal
optimizer,optimal
optimum,optimal
outdoors,outdoor
outside,outdoor
package,pack
packaged,pack
packages,pack
packaging,pack
packagingcase,pack
packed,pack
packer,pack
packs,pack
palettes,palette
pallet,palette
pallete,palette
pallette,palette
palomaa,paloma
parched,dry
peaceful,peace
peacefully,peace
peaches,peach
peachfull,peach
peachy,peach
peachykeen,peach
pearlescent,pearl
pearlize,pearl
pearlized,pearl
pearlizing,pearl
pearls,pearl
pearly,pearl
peasy,easy
penliner,pen liner
perfectcurl,perfect
perfected,perfect
perfecting,perfect
perfection,perfect
perfectionist,perfect
perfectly,perfect
perfector,perfect
perfects,perfect
photographed,photo
piece,part
pieces,part
pimple,acne
pinkberry, pink berry
pinkception,pink
pinkcredible,pink
pinker,pink
pinkerbell,pink
pinkish,pink
pinktastic,pink
pinky,pink
plumped,plump
plumper,plump
plumping,plump
plumpness,plump
plumps,plump
plumpy,plump
pointy,point
pollustop,pollution
pollutants,pollution
poppin,pop
popping,pop
poppins,pop
porefect,pore
porefecting,pore
poreless,pore
pores,pore
powderful,powder
powderkeeping,powder
powders,powder
powdery,powder
powerful,power
powerglaze,power glaze
powerpuff,power puff
powerskin,power skin
powerstay,power stay
pregnancy,pregnant
prep,prepare
pressure,press
prettier,beauty
pretty,beauty
professionel,professional
professionnel,professional
protectoin,protect
protector,protect
proven,proof
prove,proof
purefect,pure
purely,pure
purifying,pure
purity,pure
purplish,purple
queensberry,queens berry
queenstown,queen stown
quickmatte,quick matte
quickpinker,quick pink
quickset,quick set
quinn,queen
radiate,radiant
raspberries,raspberry
rawr,raw
rectangular,rectangles
redcited,red
reddening,red
redder,red
reddish,red
reddy,red
redness,red
redpink,red pink
redwood,red wood
redwoods,red wood
restoring,restores
reviewnetto,review netto
risinga,rise
rockabilly,rock
rollas,roll
roller,roll
rolls,roll
romanian,romance
romantic,romance
romantis,romance
rosalie,rose
rosary,rose
rosea,rose
roseate,rose
roseee,rose
rosefig,rose
rosefinch,rose
roselipstick,rose lipstick
rosenna,rose
roses,rose
rosette,rose
rosettes,rose
rosewood,rose wood
rosey,rose
rosie,rose
seen,see
sets,set
setter,set
setting,set
sexier,sexy
sexiest,sexy
sharpen,sharp
sharper,sharp
shaver,shave
shimmering,shimmer
shimmers,shimmer
shimmery,shimmer
shimeers,shimmer
shines,shine
shinier,shine
shining,shine
shinning,shine
shinny,shine
shiny,shine
silky,silk
simplifeye,simple
simplicity,simple
singly,single
skincare,skin care
skincentre,skin centre
skincover,skin cover
skindoze,skin doze
skinfinite,skin finite
skinfocus,skin focus
skinlike,skin like
skintone,skin tone
skintones,skin tone
skycrapping,sky
skyderm,sky
skye,sky
skyfall,sky
skyla,sky
skyline,sky
slimmer,slim
smaller,small
smokey,smoke
smoky,smoke
smoochies,smooch
smoothening,smooth
smoothens,smooth
smoother,smooth
smoothes,smooth
smoothie,smooth
smoothies,smooth
smoothing,smooth
smoothly,smooth
smoothness,smooth
smooths,smooth
smudgeproof,smudge proof
smudger,smudge
smudging,smudge
softblend,soft blend
softbrow,soft brow
soften,soft
softened,soft
softening,soft
softens,soft
softer,soft
softest,soft
softness,soft
soothe,soothing
soothes,soothing
soulful,soulfull
spark,sparkle
sparkles,sparkle
sparkling,sparkle
sparklips,sparkle
sparkly,sparkle
sparks,sparkle
specialty,special
speed
speedster
speedy
spicy,spice
spolie,spoolie
spooley,spoolie
sspf,spf
stainproof,stain proof
staylast,stay last
storage,store
stormy,storm
strawberries,strawberry
strengthen,strength
strengthened,strength
strengthens,strength
stronger,strength
styler,style
styles,style
stylish,style
stylist,style
stylo,style
sugary,sugar
summertime,summer
summery,summer
superberries,super berry
superblack,super black
supercharged,super charged
superfine,super fine
superfood,super food
superior
supersmooth,super smooth
superstar,super star
superstars,super star
sweatproof,sweat proof
sweaty,sweat
sweeten,sweet
sweetens,sweet
sweetest,sweet
sweetheart,sweet
sweety,sweet
taken,take
temptation,tempting
temptationa,tempting
temptress,tempting
tender,silk
thicken,thick
thickening,thick
thickens,thick
thicker,thick
thunderblush,thunder blush
thunderclap,thunder
thunderous,thunder
thunderstorm,thunder
tighten,tight
tiny,mini
trabsferproof,transfer proof
transferproof,transfer proof
trending,trend
trends,trend
trendy,trend
tren,trend
triangle,triangular
trueskin,true skin
turquise,turquoise
tuscany,tuscan
twinnie,twin
typical,type
usage,use
velvetdrop,velvet
velveteen,velvet
velvetmatte,velvet matte
velvety,velvet
velvy
venon,venom
violet,purple
voluminous,volume
volumizer,volume
volumizing,volume
wardahbeauty,wardah beauty
warmer,warm
warmth,warm
warna,color
waterbase,water base
watercolor,water color
waterproof,water proof
watery,water
wckdwoman,wckd
